<dependencies>
  <packages>
    <package>com.google.android.gms:play-services-ads-identifier:17.0.0</package>
    <package>com.google.android.gms:play-services-base:17.6.0</package>
    <package>com.google.android.gms:play-services-basement:17.2.1</package>
    <package>com.google.firebase:firebase-analytics:19.0.0</package>
    <package>com.google.firebase:firebase-analytics-unity:8.4.0</package>
    <package>com.google.firebase:firebase-app-unity:8.4.0</package>
    <package>com.google.firebase:firebase-common:20.0.0</package>
    <package>com.ironsource.sdk:mediationsdk:7.1.11.1</package>
  </packages>
  <files>
    <file>Assets/Plugins/Android/androidx.annotation.annotation-1.1.0.jar</file>
    <file>Assets/Plugins/Android/androidx.arch.core.core-common-2.0.0.jar</file>
    <file>Assets/Plugins/Android/androidx.arch.core.core-runtime-2.0.0.aar</file>
    <file>Assets/Plugins/Android/androidx.asynclayoutinflater.asynclayoutinflater-1.0.0.aar</file>
    <file>Assets/Plugins/Android/androidx.collection.collection-1.0.0.jar</file>
    <file>Assets/Plugins/Android/androidx.coordinatorlayout.coordinatorlayout-1.0.0.aar</file>
    <file>Assets/Plugins/Android/androidx.core.core-1.2.0.aar</file>
    <file>Assets/Plugins/Android/androidx.cursoradapter.cursoradapter-1.0.0.aar</file>
    <file>Assets/Plugins/Android/androidx.customview.customview-1.0.0.aar</file>
    <file>Assets/Plugins/Android/androidx.documentfile.documentfile-1.0.0.aar</file>
    <file>Assets/Plugins/Android/androidx.drawerlayout.drawerlayout-1.0.0.aar</file>
    <file>Assets/Plugins/Android/androidx.fragment.fragment-1.0.0.aar</file>
    <file>Assets/Plugins/Android/androidx.interpolator.interpolator-1.0.0.aar</file>
    <file>Assets/Plugins/Android/androidx.legacy.legacy-support-core-ui-1.0.0.aar</file>
    <file>Assets/Plugins/Android/androidx.legacy.legacy-support-core-utils-1.0.0.aar</file>
    <file>Assets/Plugins/Android/androidx.lifecycle.lifecycle-common-2.0.0.jar</file>
    <file>Assets/Plugins/Android/androidx.lifecycle.lifecycle-livedata-2.0.0.aar</file>
    <file>Assets/Plugins/Android/androidx.lifecycle.lifecycle-livedata-core-2.0.0.aar</file>
    <file>Assets/Plugins/Android/androidx.lifecycle.lifecycle-runtime-2.0.0.aar</file>
    <file>Assets/Plugins/Android/androidx.lifecycle.lifecycle-viewmodel-2.0.0.aar</file>
    <file>Assets/Plugins/Android/androidx.loader.loader-1.0.0.aar</file>
    <file>Assets/Plugins/Android/androidx.localbroadcastmanager.localbroadcastmanager-1.0.0.aar</file>
    <file>Assets/Plugins/Android/androidx.print.print-1.0.0.aar</file>
    <file>Assets/Plugins/Android/androidx.slidingpanelayout.slidingpanelayout-1.0.0.aar</file>
    <file>Assets/Plugins/Android/androidx.swiperefreshlayout.swiperefreshlayout-1.0.0.aar</file>
    <file>Assets/Plugins/Android/androidx.versionedparcelable.versionedparcelable-1.1.0.aar</file>
    <file>Assets/Plugins/Android/androidx.viewpager.viewpager-1.0.0.aar</file>
    <file>Assets/Plugins/Android/com.google.android.gms.play-services-ads-identifier-17.0.0.aar</file>
    <file>Assets/Plugins/Android/com.google.android.gms.play-services-base-17.6.0.aar</file>
    <file>Assets/Plugins/Android/com.google.android.gms.play-services-basement-17.6.0.aar</file>
    <file>Assets/Plugins/Android/com.google.android.gms.play-services-measurement-19.0.0.aar</file>
    <file>Assets/Plugins/Android/com.google.android.gms.play-services-measurement-api-19.0.0.aar</file>
    <file>Assets/Plugins/Android/com.google.android.gms.play-services-measurement-base-19.0.0.aar</file>
    <file>Assets/Plugins/Android/com.google.android.gms.play-services-measurement-impl-19.0.0.aar</file>
    <file>Assets/Plugins/Android/com.google.android.gms.play-services-measurement-sdk-19.0.0.aar</file>
    <file>Assets/Plugins/Android/com.google.android.gms.play-services-measurement-sdk-api-19.0.0.aar</file>
    <file>Assets/Plugins/Android/com.google.android.gms.play-services-stats-17.0.0.aar</file>
    <file>Assets/Plugins/Android/com.google.android.gms.play-services-tasks-17.2.1.aar</file>
    <file>Assets/Plugins/Android/com.google.firebase.firebase-analytics-19.0.0.aar</file>
    <file>Assets/Plugins/Android/com.google.firebase.firebase-analytics-unity-8.4.0.aar</file>
    <file>Assets/Plugins/Android/com.google.firebase.firebase-annotations-16.0.0.jar</file>
    <file>Assets/Plugins/Android/com.google.firebase.firebase-app-unity-8.4.0.aar</file>
    <file>Assets/Plugins/Android/com.google.firebase.firebase-common-20.0.0.aar</file>
    <file>Assets/Plugins/Android/com.google.firebase.firebase-components-17.0.0.aar</file>
    <file>Assets/Plugins/Android/com.google.firebase.firebase-installations-17.0.0.aar</file>
    <file>Assets/Plugins/Android/com.google.firebase.firebase-installations-interop-17.0.0.aar</file>
    <file>Assets/Plugins/Android/com.google.firebase.firebase-measurement-connector-19.0.0.aar</file>
    <file>Assets/Plugins/Android/com.ironsource.sdk.mediationsdk-7.1.11.1.aar</file>
    <file>Assets/Plugins/Android/org.jetbrains.annotations-13.0.jar</file>
    <file>Assets/Plugins/Android/org.jetbrains.kotlin.kotlin-stdlib-1.4.32.jar</file>
    <file>Assets/Plugins/Android/org.jetbrains.kotlin.kotlin-stdlib-common-1.4.32.jar</file>
  </files>
  <settings>
    <setting name="androidAbis" value="armeabi-v7a" />
    <setting name="bundleId" value="com.DefaultCompany.Test" />
    <setting name="explodeAars" value="True" />
    <setting name="gradleBuildEnabled" value="True" />
    <setting name="gradlePropertiesTemplateEnabled" value="True" />
    <setting name="gradleTemplateEnabled" value="False" />
    <setting name="installAndroidPackages" value="True" />
    <setting name="localMavenRepoDir" value="Assets/GeneratedLocalRepo" />
    <setting name="packageDir" value="Assets/Plugins/Android" />
    <setting name="patchAndroidManifest" value="False" />
    <setting name="patchMainTemplateGradle" value="False" />
    <setting name="projectExportEnabled" value="False" />
    <setting name="useJetifier" value="True" />
  </settings>
</dependencies>