﻿<?xml version="1.0" encoding="utf-8"?>
<projectSettings>
  <projectSetting name="com.google.external-dependency-managerAnalyticsCookie" value="cd7b2d9757af446fb5e7853295dd10f5" />
  <projectSetting name="com.google.external-dependency-managerAnalyticsEnabled" value="True" />
  <projectSetting name="Google.IOSResolver.VerboseLoggingEnabled" value="False" />
  <projectSetting name="Google.PackageManagerResolver.Enable" value="True" />
  <projectSetting name="Google.PackageManagerResolver.PromptToAddRegistries" value="True" />
  <projectSetting name="Google.PackageManagerResolver.PromptToMigratePackages" value="True" />
  <projectSetting name="Google.PackageManagerResolver.VerboseLoggingEnabled" value="True" />
  <projectSetting name="Google.VersionHandler.CleanUpPromptEnabled" value="True" />
  <projectSetting name="Google.VersionHandler.RenameToCanonicalFilenames" value="False" />
  <projectSetting name="Google.VersionHandler.RenameToDisableFilesEnabled" value="True" />
  <projectSetting name="Google.VersionHandler.VerboseLoggingEnabled" value="True" />
  <projectSetting name="Google.VersionHandler.VersionHandlingEnabled" value="True" />
  <projectSetting name="GooglePlayServices.AndroidPackageInstallationEnabled" value="True" />
  <projectSetting name="GooglePlayServices.AutoResolutionDisabledWarning" value="True" />
  <projectSetting name="GooglePlayServices.AutoResolveOnBuild" value="False" />
  <projectSetting name="GooglePlayServices.AutoResolverEnabled" value="True" />
  <projectSetting name="GooglePlayServices.ExplodeAars" value="True" />
  <projectSetting name="GooglePlayServices.LocalMavenRepoDir" value="Assets/GeneratedLocalRepo" />
  <projectSetting name="GooglePlayServices.PatchAndroidManifest" value="False" />
  <projectSetting name="GooglePlayServices.PatchMainTemplateGradle" value="False" />
  <projectSetting name="GooglePlayServices.PatchPropertiesTemplateGradle" value="True" />
  <projectSetting name="GooglePlayServices.PromptBeforeAutoResolution" value="False" />
  <projectSetting name="GooglePlayServices.UseGradleDaemon" value="False" />
  <projectSetting name="GooglePlayServices.UseJetifier" value="True" />
  <projectSetting name="GooglePlayServices.VerboseLogging" value="True" />
</projectSettings>